{
    "position":[-1.190418,1e-06,0.622466,
	-1.190418,1.058249,0.622466,
	-1.15764,1e-06,0.622466,
	-1.153031,1.058249,0.622466,
	-1.15764,0.824697,0.622466,
	-1.190418,0.877218,0.622466,
	-1.014152,1.032504,0.606564,
	-1.014152,0.850443,0.606564,
	-1.190418,0.729651,0.622466,
	-1.15764,0.729651,0.622466,
	-1.190418,0.15715,0.622466,
	-1.15764,0.15715,0.622466,
	-1.014152,1.058249,0.622466,
	-1.014152,0.824697,0.622466,
	-1.035131,1.032504,0.606564,
	-1.035131,0.850443,0.606564,
	-1.190418,0.01146,0.622466,
	-1.15764,0.01146,0.622466,
	-1.190418,1e-06,-0.0,
	-1.153031,1.058249,-0.0,
	-1.15764,0.824697,-0.0,
	-1.190418,1.058249,-0.0,
	-1.15764,1e-06,-0.0,
	-1.190418,0.877218,-0.0,
	-1.014152,1.058249,-0.0,
	-1.014152,0.824697,-0.0,
	-1.190418,0.729651,-0.0,
	-1.15764,0.729651,-0.0,
	-1.15764,0.15715,-0.0,
	-1.190418,0.15715,-0.0,
	-1.014152,1.032504,-0.0,
	-1.014152,0.850443,-0.0,
	-1.035131,1.032504,-0.0,
	-1.035131,0.850443,-0.0,
	-1.190418,0.01146,-0.0,
	-1.15764,0.01146,-0.0,
	-1.190418,1e-06,-0.622466,
	-1.190418,1.058249,-0.622466,
	-1.15764,1e-06,-0.622466,
	-1.153031,1.058249,-0.622466,
	-1.15764,0.824697,-0.622466,
	-1.190418,0.877218,-0.622466,
	-1.014152,1.032504,-0.606564,
	-1.014152,0.850443,-0.606564,
	-1.190418,0.729651,-0.622466,
	-1.15764,0.729651,-0.622466,
	-1.190418,0.15715,-0.622466,
	-1.15764,0.15715,-0.622466,
	-1.014152,1.058249,-0.622466,
	-1.014152,0.824697,-0.622466,
	-1.035131,1.032504,-0.606564,
	-1.035131,0.850443,-0.606564,
	-1.190418,0.01146,-0.622466,
	-1.15764,0.01146,-0.622466],
    "normal":[-1.0,0.0,0.0,
	0.0,0.0,1.0,
	0.0,-1.0,0.0,
	1.0,0.0,0.0,
	0.0,1.0,0.0,
	0.0,0.0,-1.0],
    "uv":[0.075348,0.25,
	0.133732,0.003724,
	0.133732,0.25,
	0.003724,0.25,
	0.075348,0.003724,
	0.076242,0.575755,
	0.067942,0.503724,
	0.076242,0.503724,
	0.003724,0.503724,
	0.060494,0.75,
	0.003724,0.75,
	0.36024,0.003724,
	0.36024,0.25,
	0.417882,0.003724,
	0.417882,0.25,
	0.773785,0.489985,
	0.763598,0.25,
	0.773785,0.25,
	0.845816,0.489985,
	0.763598,0.496276,
	0.963346,0.49114,
	0.971646,0.731125,
	0.963346,0.731125,
	0.422415,0.003724,
	0.422415,0.25,
	0.86345,0.483693,
	0.935482,0.243708,
	0.935482,0.483693,
	0.971646,0.243708,
	0.963346,0.003724,
	0.971646,0.003724,
	0.693976,0.496276,
	0.751617,0.25,
	0.751617,0.496276,
	0.467468,0.496276,
	0.693976,0.25,
	0.856002,0.25,
	0.856002,0.496276,
	0.756151,0.25,
	0.756151,0.496276,
	0.429863,0.496276,
	0.467468,0.25,
	0.933189,0.491141,
	0.918397,0.737417,
	0.918397,0.491141,
	0.86345,0.491141,
	0.955898,0.003724,
	0.942929,0.25,
	0.942929,0.003724,
	0.133732,0.496276,
	0.075348,0.496276,
	0.09199,0.503724,
	0.08369,0.575755,
	0.08369,0.503724,
	0.003724,0.996276,
	0.36024,0.496276,
	0.417882,0.496276,
	0.773785,0.010015,
	0.763598,0.003724,
	0.845816,0.010015,
	0.963346,0.97111,
	0.422415,0.496276,
	0.86345,0.003724,
	0.935482,0.003724,
	0.963346,0.483693,
	0.971646,0.483693,
	0.693976,0.003724,
	0.751617,0.003724,
	0.467468,0.003724,
	0.845816,0.25,
	0.756151,0.003724,
	0.429863,0.003724,
	0.933189,0.983693,
	0.918397,0.983693,
	0.86345,0.983693,
	0.955898,0.496276,
	0.942929,0.496276,
	0.003724,0.003724,
	0.067942,0.575755,
	0.060494,0.503724,
	0.971646,0.491141,
	0.86345,0.243708,
	0.963346,0.243708,
	0.429863,0.25,
	0.933189,0.737417,
	0.86345,0.737417,
	0.955898,0.25,
	0.003724,0.496276,
	0.09199,0.575755,
	0.060494,0.996276,
	0.856002,0.003724,
	0.971646,0.97111],
    "index":[23, 8, 26, 21, 5, 23, 6, 15, 7, 4, 25, 20, 26, 10, 29, 29, 16, 34, 6, 24, 30, 7, 12, 6, 7, 33, 31, 34, 0, 18, 14, 33, 15, 30, 14, 6, 11, 35, 17, 9, 28, 11, 7, 25, 13, 17, 22, 2, 4, 27, 9, 1, 19, 3, 19, 12, 3, 2, 18, 0, 44, 23, 26, 41, 21, 23, 51, 42, 43, 25, 40, 20, 46, 26, 29, 52, 29, 34, 24, 42, 30, 48, 43, 42, 33, 43, 31, 36, 34, 18, 33, 50, 51, 50, 30, 42, 35, 47, 53, 28, 45, 47, 43, 25, 31, 22, 53, 38, 27, 40, 45, 19, 37, 39, 48, 19, 39, 18, 38, 36, 23, 5, 8, 21, 1, 5, 6, 14, 15, 4, 13, 25, 26, 8, 10, 29, 10, 16, 6, 12, 24, 7, 13, 12, 7, 15, 33, 34, 16, 0, 14, 32, 33, 30, 32, 14, 11, 28, 35, 9, 27, 28, 7, 31, 25, 17, 35, 22, 4, 20, 27, 1, 21, 19, 19, 24, 12, 2, 22, 18, 44, 41, 23, 41, 37, 21, 51, 50, 42, 25, 49, 40, 46, 44, 26, 52, 46, 29, 24, 48, 42, 48, 49, 43, 33, 51, 43, 36, 52, 34, 33, 32, 50, 50, 32, 30, 35, 28, 47, 28, 27, 45, 43, 49, 25, 22, 35, 53, 27, 20, 40, 19, 21, 37, 48, 24, 19, 18, 22, 38]
}
