{
    "position":[-0.82322,-0.003185,-0.57,
	-0.9,-0.003185,-0.49322,
	-0.846946,-0.003185,-0.566242,
	-0.86835,-0.003185,-0.555336,
	-0.885336,-0.003185,-0.53835,
	-0.896242,-0.003185,-0.516946,
	-0.9,-0.003185,0.49322,
	-0.82322,-0.003185,0.57,
	-0.896242,-0.003185,0.516946,
	-0.885336,-0.003185,0.53835,
	-0.86835,-0.003185,0.555336,
	-0.846946,-0.003185,0.566242,
	0.9,-0.003185,-0.49322,
	0.82322,-0.003185,-0.57,
	0.896242,-0.003185,-0.516946,
	0.885336,-0.003185,-0.53835,
	0.86835,-0.003185,-0.555336,
	0.846946,-0.003185,-0.566242,
	0.82322,-0.003185,0.57,
	0.9,-0.003185,0.49322,
	0.846946,-0.003185,0.566242,
	0.86835,-0.003185,0.555336,
	0.885336,-0.003185,0.53835,
	0.896242,-0.003185,0.516946],
    "normal":[0.0,1.0,0.0],
    "uv":[0.0,0.0,
	0.0,0.0,
	0.0,0.0,
	0.0,0.0,
	0.0,0.0,
	0.0,0.0,
	0.0,0.0,
	0.0,0.0,
	0.0,0.0,
	0.0,0.0,
	0.0,0.0,
	0.0,0.0,
	0.0,0.0,
	0.0,0.0,
	0.0,0.0,
	0.0,0.0,
	0.0,0.0,
	0.0,0.0,
	0.0,0.0,
	0.0,0.0,
	0.0,0.0,
	0.0,0.0,
	0.0,0.0,
	0.0,0.0],
    "index":[7, 9, 6, 0, 13, 18, 13, 17, 15, 18, 13, 12, 17, 16, 15, 15, 14, 12, 12, 19, 18, 19, 23, 18, 23, 22, 21, 21, 20, 23, 20, 18, 23, 18, 7, 0, 7, 11, 9, 0, 7, 6, 11, 10, 9, 9, 8, 6, 6, 1, 0, 1, 5, 0, 5, 4, 3, 3, 2, 5, 2, 0, 5, 13, 15, 12]
}
